psgc_code,bracket_code,source,effective_year
1380100000,1st,DOF DO 074-2024,2024
1380200000,1st,DOF DO 074-2024,2024
1380300000,1st,DOF DO 074-2024,2024
1380400000,1st,DOF DO 074-2024,2024
1380500000,1st,DOF DO 074-2024,2024
1380600000,1st,DOF DO 074-2024,2024
1380700000,1st,DOF DO 074-2024,2024
1380800000,1st,DOF DO 074-2024,2024
1380900000,1st,DOF DO 074-2024,2024
1381000000,1st,DOF DO 074-2024,2024
1381100000,1st,DOF DO 074-2024,2024
1381200000,1st,DOF DO 074-2024,2024
1381300000,1st,DOF DO 074-2024,2024
1381400000,1st,DOF DO 074-2024,2024
1381500000,1st,DOF DO 074-2024,2024
1381600000,1st,DOF DO 074-2024,2024
1381701000,1st,DOF DO 074-2024,2024
1400100000,1st,DOF DO 074-2024,2024
1400101000,1st,DOF DO 074-2024,2024
1400102000,3rd,DOF DO 074-2024,2024
1400103000,3rd,DOF DO 074-2024,2024
1400104000,4th,DOF DO 074-2024,2024
1400105000,4th,DOF DO 074-2024,2024
1400106000,3rd,DOF DO 074-2024,2024
1400107000,3rd,DOF DO 074-2024,2024
1400108000,4th,DOF DO 074-2024,2024
1400109000,2nd,DOF DO 074-2024,2024
1400110000,3rd,DOF DO 074-2024,2024
1400111000,4th,DOF DO 074-2024,2024
1400112000,4th,DOF DO 074-2024,2024
1400113000,3rd,DOF DO 074-2024,2024
1400114000,1st,DOF DO 074-2024,2024
1400115000,3rd,DOF DO 074-2024,2024
1400116000,3rd,DOF DO 074-2024,2024
1400117000,4th,DOF DO 074-2024,2024
1400118000,3rd,DOF DO 074-2024,2024
1400119000,1st,DOF DO 074-2024,2024
1400120000,4th,DOF DO 074-2024,2024
1400121000,2nd,DOF DO 074-2024,2024
1400122000,4th,DOF DO 074-2024,2024
1400123000,3rd,DOF DO 074-2024,2024
1400124000,1st,DOF DO 074-2024,2024
1400125000,1st,DOF DO 074-2024,2024
1400126000,2nd,DOF DO 074-2024,2024
1400127000,1st,DOF DO 074-2024,2024
1401100000,1st,DOF DO 074-2024,2024
1401101000,3rd,DOF DO 074-2024,2024
1401103000,3rd,DOF DO 074-2024,2024
1401104000,2nd,DOF DO 074-2024,2024
1401105000,1st,DOF DO 074-2024,2024
1401106000,1st,DOF DO 074-2024,2024
1401107000,3rd,DOF DO 074-2024,2024
1401108000,3rd,DOF DO 074-2024,2024
1401109000,3rd,DOF DO 074-2024,2024
1401110000,1st,DOF DO 074-2024,2024
1401111000,2nd*,DOF DO 074-2024,2024
1401112000,4th,DOF DO 074-2024,2024
1401113000,1st,DOF DO 074-2024,2024
1401114000,4th,DOF DO 074-2024,2024
1402700000,2nd,DOF DO 074-2024,2024
1402701000,3rd,DOF DO 074-2024,2024
1402702000,3rd,DOF DO 074-2024,2024
1402703000,3rd,DOF DO 074-2024,2024
1402704000,3rd,DOF DO 074-2024,2024
1402705000,2nd,DOF DO 074-2024,2024
1402706000,3rd,DOF DO 074-2024,2024
1402707000,1st,DOF DO 074-2024,2024
1402708000,1st,DOF DO 074-2024,2024
1402709000,5th,DOF DO 074-2024,2024
1402710000,3rd,DOF DO 074-2024,2024
1402711000,4th,DOF DO 074-2024,2024
1403200000,2nd,DOF DO 074-2024,2024
1403201000,1st,DOF DO 074-2024,2024
1403206000,4th,DOF DO 074-2024,2024
1403208000,4th,DOF DO 074-2024,2024
1403209000,1st,DOF DO 074-2024,2024
1403211000,3rd,DOF DO 074-2024,2024
1403213000,1st,DOF DO 074-2024,2024
1403214000,3rd,DOF DO 074-2024,2024
1403215000,3rd,DOF DO 074-2024,2024
1404400000,2nd,DOF DO 074-2024,2024
1404401000,4th,DOF DO 074-2024,2024
1404402000,2nd,DOF DO 074-2024,2024
1404403000,4th,DOF DO 074-2024,2024
1404404000,1st,DOF DO 074-2024,2024
1404405000,3rd,DOF DO 074-2024,2024
1404406000,1st,DOF DO 074-2024,2024
1404407000,4th,DOF DO 074-2024,2024
1404408000,5th,DOF DO 074-2024,2024
1404409000,4th,DOF DO 074-2024,2024
1404410000,3rd,DOF DO 074-2024,2024
1408100000,2nd,DOF DO 074-2024,2024
1408101000,1st,DOF DO 074-2024,2024
1408102000,1st,DOF DO 074-2024,2024
1408103000,2nd,DOF DO 074-2024,2024
1408104000,1st,DOF DO 074-2024,2024
1408105000,1st,DOF DO 074-2024,2024
1408106000,2nd,DOF DO 074-2024,2024
1408107000,4th,DOF DO 074-2024,2024
1430300000,1st,DOF DO 074-2024,2024
0102800000,1st,DOF DO 074-2024,2024
0102801000,4th,DOF DO 074-2024,2024
0102802000,2nd,DOF DO 074-2024,2024
0102803000,1st,DOF DO 074-2024,2024
0102804000,2nd,DOF DO 074-2024,2024
0102805000,3rd,DOF DO 074-2024,2024
0102806000,3rd,DOF DO 074-2024,2024
0102807000,5th,DOF DO 074-2024,2024
0102808000,3rd,DOF DO 074-2024,2024
0102809000,1st,DOF DO 074-2024,2024
0102810000,4th,DOF DO 074-2024,2024
0102811000,1st,DOF DO 074-2024,2024
0102812000,3rd,DOF DO 074-2024,2024
0102813000,2nd,DOF DO 074-2024,2024
0102814000,1st,DOF DO 074-2024,2024
0102815000,1st,DOF DO 074-2024,2024
0102816000,2nd,DOF DO 074-2024,2024
0102817000,1st,DOF DO 074-2024,2024
0102818000,1st,DOF DO 074-2024,2024
0102819000,1st,DOF DO 074-2024,2024
0102820000,1st,DOF DO 074-2024,2024
0102821000,2nd,DOF DO 074-2024,2024
0102822000,2nd,DOF DO 074-2024,2024
0102823000,1st,DOF DO 074-2024,2024
0102900000,1st,DOF DO 074-2024,2024
0102901000,1st,DOF DO 074-2024,2024
0102902000,1st,DOF DO 074-2024,2024
0102903000,1st,DOF DO 074-2024,2024
0102904000,1st,DOF DO 074-2024,2024
0102905000,1st,DOF DO 074-2024,2024
0102906000,1st,DOF DO 074-2024,2024
0102907000,2nd,DOF DO 074-2024,2024
0102908000,1st,DOF DO 074-2024,2024
0102909000,1st,DOF DO 074-2024,2024
0102910000,1st,DOF DO 074-2024,2024
0102911000,1st,DOF DO 074-2024,2024
0102912000,1st,DOF DO 074-2024,2024
0102913000,1st,DOF DO 074-2024,2024
0102914000,1st,DOF DO 074-2024,2024
0102915000,1st,DOF DO 074-2024,2024
0102916000,1st,DOF DO 074-2024,2024
0102917000,1st,DOF DO 074-2024,2024
0102918000,1st,DOF DO 074-2024,2024
0102919000,2nd,DOF DO 074-2024,2024
0102920000,1st,DOF DO 074-2024,2024
0102921000,3rd,DOF DO 074-2024,2024
0102922000,2nd,DOF DO 074-2024,2024
0102923000,2nd,DOF DO 074-2024,2024
0102924000,1st,DOF DO 074-2024,2024
0102925000,1st,DOF DO 074-2024,2024
0102926000,1st,DOF DO 074-2024,2024
0102927000,1st,DOF DO 074-2024,2024
0102928000,1st,DOF DO 074-2024,2024
0102929000,1st,DOF DO 074-2024,2024
0102930000,1st,DOF DO 074-2024,2024
0102931000,3rd,DOF DO 074-2024,2024
0102932000,1st,DOF DO 074-2024,2024
0102933000,1st,DOF DO 074-2024,2024
0102934000,4th,DOF DO 074-2024,2024
0103300000,1st,DOF DO 074-2024,2024
0103301000,1st,DOF DO 074-2024,2024
0103302000,1st,DOF DO 074-2024,2024
0103303000,1st,DOF DO 074-2024,2024
0103304000,4th,DOF DO 074-2024,2024
0103305000,1st,DOF DO 074-2024,2024
0103306000,1st,DOF DO 074-2024,2024
0103307000,1st,DOF DO 074-2024,2024
0103308000,4th,DOF DO 074-2024,2024
0103309000,1st,DOF DO 074-2024,2024
0103310000,2nd,DOF DO 074-2024,2024
0103311000,1st,DOF DO 074-2024,2024
0103312000,3rd,DOF DO 074-2024,2024
0103313000,1st,DOF DO 074-2024,2024
0103314000,2nd,DOF DO 074-2024,2024
0103315000,3rd,DOF DO 074-2024,2024
0103316000,1st,DOF DO 074-2024,2024
0103317000,1st,DOF DO 074-2024,2024
0103318000,1st,DOF DO 074-2024,2024
0103319000,1st,DOF DO 074-2024,2024
0103320000,2nd,DOF DO 074-2024,2024
0105500000,1st,DOF DO 074-2024,2024
0105501000,2nd,DOF DO 074-2024,2024
0105502000,1st,DOF DO 074-2024,2024
0105503000,3rd,DOF DO 074-2024,2024
0105504000,1st,DOF DO 074-2024,2024
0105505000,2nd,DOF DO 074-2024,2024
0105506000,1st,DOF DO 074-2024,2024
0105507000,1st,DOF DO 074-2024,2024
0105508000,1st,DOF DO 074-2024,2024
0105509000,3rd,DOF DO 074-2024,2024
0105510000,3rd,DOF DO 074-2024,2024
0105511000,1st,DOF DO 074-2024,2024
0105512000,1st,DOF DO 074-2024,2024
0105513000,1st,DOF DO 074-2024,2024
0105514000,1st,DOF DO 074-2024,2024
0105515000,1st,DOF DO 074-2024,2024
0105516000,3rd,DOF DO 074-2024,2024
0105517000,1st,DOF DO 074-2024,2024
0105518000,2nd,DOF DO 074-2024,2024
0105519000,2nd,DOF DO 074-2024,2024
0105520000,2nd,DOF DO 074-2024,2024
0105521000,3rd,DOF DO 074-2024,2024
0105522000,1st,DOF DO 074-2024,2024
0105523000,2nd,DOF DO 074-2024,2024
0105524000,1st,DOF DO 074-2024,2024
0105525000,1st,DOF DO 074-2024,2024
0105526000,1st,DOF DO 074-2024,2024
0105527000,1st,DOF DO 074-2024,2024
0105528000,3rd,DOF DO 074-2024,2024
0105529000,3rd,DOF DO 074-2024,2024
0105530000,1st,DOF DO 074-2024,2024
0105531000,1st,DOF DO 074-2024,2024
0105532000,2nd,DOF DO 074-2024,2024
0105533000,1st,DOF DO 074-2024,2024
0105534000,1st,DOF DO 074-2024,2024
0105535000,1st,DOF DO 074-2024,2024
0105536000,1st,DOF DO 074-2024,2024
0105537000,2nd,DOF DO 074-2024,2024
0105538000,1st,DOF DO 074-2024,2024
0105539000,2nd,DOF DO 074-2024,2024
0105540000,4th,DOF DO 074-2024,2024
0105541000,1st,DOF DO 074-2024,2024
0105542000,1st,DOF DO 074-2024,2024
0105543000,1st,DOF DO 074-2024,2024
0105544000,1st,DOF DO 074-2024,2024
0105545000,1st,DOF DO 074-2024,2024
0105546000,1st,DOF DO 074-2024,2024
0105547000,1st,DOF DO 074-2024,2024
0105548000,2nd,DOF DO 074-2024,2024
0200900000,4th,DOF DO 074-2024,2024
0200901000,4th,DOF DO 074-2024,2024
0200902000,5th,DOF DO 074-2024,2024
0200903000,5th,DOF DO 074-2024,2024
0200904000,5th,DOF DO 074-2024,2024
0200905000,5th,DOF DO 074-2024,2024
0200906000,5th,DOF DO 074-2024,2024
0201500000,1st,DOF DO 074-2024,2024
0201501000,2nd,DOF DO 074-2024,2024
0201502000,1st,DOF DO 074-2024,2024
0201503000,1st,DOF DO 074-2024,2024
0201504000,1st,DOF DO 074-2024,2024
0201505000,1st,DOF DO 074-2024,2024
0201506000,1st,DOF DO 074-2024,2024
0201507000,2nd,DOF DO 074-2024,2024
0201508000,2nd,DOF DO 074-2024,2024
0201509000,1st,DOF DO 074-2024,2024
0201510000,3rd,DOF DO 074-2024,2024
0201511000,2nd,DOF DO 074-2024,2024
0201512000,1st,DOF DO 074-2024,2024
0201513000,1st,DOF DO 074-2024,2024
0201514000,1st,DOF DO 074-2024,2024
0201515000,2nd,DOF DO 074-2024,2024
0201516000,1st,DOF DO 074-2024,2024
0201517000,1st,DOF DO 074-2024,2024
0201518000,3rd,DOF DO 074-2024,2024
0201519000,1st,DOF DO 074-2024,2024
0201520000,3rd,DOF DO 074-2024,2024
0201521000,4th,DOF DO 074-2024,2024
0201522000,2nd,DOF DO 074-2024,2024
0201523000,1st,DOF DO 074-2024,2024
0201524000,5th,DOF DO 074-2024,2024
0201525000,3rd,DOF DO 074-2024,2024
0201526000,1st,DOF DO 074-2024,2024
0201527000,1st,DOF DO 074-2024,2024
0201528000,1st,DOF DO 074-2024,2024
0201529000,2nd,DOF DO 074-2024,2024
0203100000,1st,DOF DO 074-2024,2024
0203101000,1st,DOF DO 074-2024,2024
0203102000,1st,DOF DO 074-2024,2024
0203103000,1st,DOF DO 074-2024,2024
0203104000,2nd,DOF DO 074-2024,2024
0203105000,3rd,DOF DO 074-2024,2024
0203106000,1st,DOF DO 074-2024,2024
0203107000,1st,DOF DO 074-2024,2024
0203108000,2nd,DOF DO 074-2024,2024
0203109000,1st,DOF DO 074-2024,2024
0203110000,1st,DOF DO 074-2024,2024
0203111000,1st,DOF DO 074-2024,2024
0203112000,1st,DOF DO 074-2024,2024
0203113000,2nd,DOF DO 074-2024,2024
0203114000,1st,DOF DO 074-2024,2024
0203115000,1st,DOF DO 074-2024,2024
0203116000,1st,DOF DO 074-2024,2024
0203117000,2nd,DOF DO 074-2024,2024
0203118000,1st,DOF DO 074-2024,2024
0203119000,1st,DOF DO 074-2024,2024
0203120000,1st,DOF DO 074-2024,2024
0203121000,1st,DOF DO 074-2024,2024
0203122000,1st,DOF DO 074-2024,2024
0203123000,1st,DOF DO 074-2024,2024
0203124000,1st,DOF DO 074-2024,2024
0203125000,1st,DOF DO 074-2024,2024
0203126000,1st,DOF DO 074-2024,2024
0203127000,2nd,DOF DO 074-2024,2024
0203128000,2nd,DOF DO 074-2024,2024
0203129000,3rd,DOF DO 074-2024,2024
0203130000,2nd,DOF DO 074-2024,2024
0203131000,1st,DOF DO 074-2024,2024
0203132000,1st,DOF DO 074-2024,2024
0203133000,1st,DOF DO 074-2024,2024
0203134000,3rd,DOF DO 074-2024,2024
0203135000,1st,DOF DO 074-2024,2024
0203136000,3rd,DOF DO 074-2024,2024
0203137000,1st,DOF DO 074-2024,2024
0205000000,1st,DOF DO 074-2024,2024
0205001000,4th,DOF DO 074-2024,2024
0205002000,1st,DOF DO 074-2024,2024
0205003000,1st,DOF DO 074-2024,2024
0205004000,1st,DOF DO 074-2024,2024
0205005000,1st,DOF DO 074-2024,2024
0205006000,3rd,DOF DO 074-2024,2024
0205007000,1st,DOF DO 074-2024,2024
0205008000,1st,DOF DO 074-2024,2024
0205009000,1st,DOF DO 074-2024,2024
0205010000,1st,DOF DO 074-2024,2024
0205011000,1st,DOF DO 074-2024,2024
0205012000,2nd,DOF DO 074-2024,2024
0205013000,1st,DOF DO 074-2024,2024
0205014000,4th,DOF DO 074-2024,2024
0205015000,2nd*,DOF DO 074-2024,2024
0205700000,1st,DOF DO 074-2024,2024
0205701000,2nd,DOF DO 074-2024,2024
0205702000,1st,DOF DO 074-2024,2024
0205703000,1st,DOF DO 074-2024,2024
0205704000,1st,DOF DO 074-2024,2024
0205705000,4th,DOF DO 074-2024,2024
0205706000,1st,DOF DO 074-2024,2024
0300800000,1st,DOF DO 074-2024,2024
0300801000,2nd,DOF DO 074-2024,2024
0300802000,2nd,DOF DO 074-2024,2024
0300803000,2nd,DOF DO 074-2024,2024
0300804000,1st,DOF DO 074-2024,2024
0300805000,1st,DOF DO 074-2024,2024
0300806000,1st,DOF DO 074-2024,2024
0300807000,1st,DOF DO 074-2024,2024
0300808000,1st,DOF DO 074-2024,2024
0300809000,1st,DOF DO 074-2024,2024
0300810000,1st,DOF DO 074-2024,2024
0300811000,2nd,DOF DO 074-2024,2024
0300812000,2nd,DOF DO 074-2024,2024
0301400000,1st,DOF DO 074-2024,2024
0301401000,1st,DOF DO 074-2024,2024
0301402000,1st,DOF DO 074-2024,2024
0301403000,3rd,DOF DO 074-2024,2024
0301404000,1st,DOF DO 074-2024,2024
0301405000,1st,DOF DO 074-2024,2024
0301406000,1st,DOF DO 074-2024,2024
0301407000,1st,DOF DO 074-2024,2024
0301408000,1st,DOF DO 074-2024,2024
0301409000,1st,DOF DO 074-2024,2024
0301410000,1st,DOF DO 074-2024,2024
0301411000,1st,DOF DO 074-2024,2024
0301412000,1st,DOF DO 074-2024,2024
0301413000,1st,DOF DO 074-2024,2024
0301414000,1st,DOF DO 074-2024,2024
0301415000,1st,DOF DO 074-2024,2024
0301416000,2nd,DOF DO 074-2024,2024
0301417000,1st,DOF DO 074-2024,2024
0301418000,1st,DOF DO 074-2024,2024
0301419000,1st,DOF DO 074-2024,2024
0301420000,1st,DOF DO 074-2024,2024
0301421000,1st,DOF DO 074-2024,2024
0301422000,1st,DOF DO 074-2024,2024
0301423000,1st,DOF DO 074-2024,2024
0301424000,1st,DOF DO 074-2024,2024
0304900000,1st,DOF DO 074-2024,2024
0304901000,1st,DOF DO 074-2024,2024
0304902000,1st,DOF DO 074-2024,2024
0304903000,1st,DOF DO 074-2024,2024
0304904000,1st,DOF DO 074-2024,2024
0304905000,1st,DOF DO 074-2024,2024
0304906000,1st,DOF DO 074-2024,2024
0304907000,1st,DOF DO 074-2024,2024
0304908000,3rd,DOF DO 074-2024,2024
0304909000,2nd,DOF DO 074-2024,2024
0304910000,1st,DOF DO 074-2024,2024
0304911000,1st,DOF DO 074-2024,2024
0304912000,1st,DOF DO 074-2024,2024
0304913000,1st,DOF DO 074-2024,2024
0304914000,3rd,DOF DO 074-2024,2024
0304915000,2nd,DOF DO 074-2024,2024
0304916000,2nd,DOF DO 074-2024,2024
0304917000,4th,DOF DO 074-2024,2024
0304918000,4th,DOF DO 074-2024,2024
0304919000,4th,DOF DO 074-2024,2024
0304920000,1st,DOF DO 074-2024,2024
0304921000,2nd,DOF DO 074-2024,2024
0304922000,2nd,DOF DO 074-2024,2024
0304923000,1st,DOF DO 074-2024,2024
0304924000,1st,DOF DO 074-2024,2024
0304925000,1st,DOF DO 074-2024,2024
0304926000,2nd,DOF DO 074-2024,2024
0304927000,1st,DOF DO 074-2024,2024
0304928000,1st,DOF DO 074-2024,2024
0304929000,1st,DOF DO 074-2024,2024
0304930000,1st,DOF DO 074-2024,2024
0304931000,3rd,DOF DO 074-2024,2024
0304932000,1st,DOF DO 074-2024,2024
0305400000,1st,DOF DO 074-2024,2024
0305402000,1st,DOF DO 074-2024,2024
0305403000,1st,DOF DO 074-2024,2024
0305404000,1st,DOF DO 074-2024,2024
0305405000,1st,DOF DO 074-2024,2024
0305406000,1st,DOF DO 074-2024,2024
0305407000,1st,DOF DO 074-2024,2024
0305408000,1st,DOF DO 074-2024,2024
0305409000,1st,DOF DO 074-2024,2024
0305410000,1st,DOF DO 074-2024,2024
0305411000,1st,DOF DO 074-2024,2024
0305412000,1st,DOF DO 074-2024,2024
0305413000,1st,DOF DO 074-2024,2024
0305414000,2nd,DOF DO 074-2024,2024
0305415000,1st,DOF DO 074-2024,2024
0305416000,1st,DOF DO 074-2024,2024
0305417000,2nd,DOF DO 074-2024,2024
0305418000,1st,DOF DO 074-2024,2024
0305419000,1st,DOF DO 074-2024,2024
0305420000,2nd,DOF DO 074-2024,2024
0305421000,2nd,DOF DO 074-2024,2024
0305422000,3rd,DOF DO 074-2024,2024
0306900000,1st,DOF DO 074-2024,2024
0306901000,4th,DOF DO 074-2024,2024
0306902000,1st,DOF DO 074-2024,2024
0306903000,1st,DOF DO 074-2024,2024
0306904000,1st,DOF DO 074-2024,2024
0306905000,1st,DOF DO 074-2024,2024
0306906000,1st,DOF DO 074-2024,2024
0306907000,1st,DOF DO 074-2024,2024
0306908000,1st,DOF DO 074-2024,2024
0306909000,1st,DOF DO 074-2024,2024
0306910000,1st,DOF DO 074-2024,2024
0306911000,3rd,DOF DO 074-2024,2024
0306912000,4th,DOF DO 074-2024,2024
0306913000,4th,DOF DO 074-2024,2024
0306914000,1st,DOF DO 074-2024,2024
0306915000,1st,DOF DO 074-2024,2024
0306916000,1st,DOF DO 074-2024,2024
0306917000,1st,DOF DO 074-2024,2024
0306918000,1st,DOF DO 074-2024,2024
0307100000,1st,DOF DO 074-2024,2024
0307101000,1st,DOF DO 074-2024,2024
0307102000,2nd,DOF DO 074-2024,2024
0307103000,1st,DOF DO 074-2024,2024
0307104000,1st,DOF DO 074-2024,2024
0307105000,1st,DOF DO 074-2024,2024
0307106000,1st,DOF DO 074-2024,2024
0307108000,1st,DOF DO 074-2024,2024
0307109000,1st,DOF DO 074-2024,2024
0307110000,3rd,DOF DO 074-2024,2024
0307111000,1st,DOF DO 074-2024,2024
0307112000,3rd,DOF DO 074-2024,2024
0307113000,1st,DOF DO 074-2024,2024
0307114000,1st,DOF DO 074-2024,2024
0307700000,2nd,DOF DO 074-2024,2024
0307701000,1st,DOF DO 074-2024,2024
0307702000,1st,DOF DO 074-2024,2024
0307703000,2nd,DOF DO 074-2024,2024
0307704000,3rd,DOF DO 074-2024,2024
0307705000,2nd,DOF DO 074-2024,2024
0307706000,1st,DOF DO 074-2024,2024
0307707000,1st,DOF DO 074-2024,2024
0307708000,1st,DOF DO 074-2024,2024
0330100000,1st,DOF DO 074-2024,2024
0331400000,1st,DOF DO 074-2024,2024
0401000000,1st,DOF DO 074-2024,2024
0401001000,2nd,DOF DO 074-2024,2024
0401002000,4th,DOF DO 074-2024,2024
0401003000,1st,DOF DO 074-2024,2024
0401004000,4th,DOF DO 074-2024,2024
0401005000,1st,DOF DO 074-2024,2024
0401006000,1st,DOF DO 074-2024,2024
0401007000,3rd,DOF DO 074-2024,2024
0401008000,1st,DOF DO 074-2024,2024
0401009000,2nd,DOF DO 074-2024,2024
0401010000,1st,DOF DO 074-2024,2024
0401011000,2nd,DOF DO 074-2024,2024
0401012000,1st,DOF DO 074-2024,2024
0401013000,1st,DOF DO 074-2024,2024
0401014000,1st,DOF DO 074-2024,2024
0401015000,1st,DOF DO 074-2024,2024
0401016000,1st,DOF DO 074-2024,2024
0401017000,1st,DOF DO 074-2024,2024
0401018000,3rd,DOF DO 074-2024,2024
0401019000,1st,DOF DO 074-2024,2024
0401020000,1st,DOF DO 074-2024,2024
0401021000,1st,DOF DO 074-2024,2024
0401022000,1st,DOF DO 074-2024,2024
0401023000,1st,DOF DO 074-2024,2024
0401024000,3rd,DOF DO 074-2024,2024
0401025000,4th,DOF DO 074-2024,2024
0401026000,1st,DOF DO 074-2024,2024
0401027000,4th,DOF DO 074-2024,2024
0401028000,1st,DOF DO 074-2024,2024
0401029000,1st,DOF DO 074-2024,2024
0401030000,1st,DOF DO 074-2024,2024
0401031000,1st,DOF DO 074-2024,2024
0401032000,1st,DOF DO 074-2024,2024
0401033000,4th,DOF DO 074-2024,2024
0401034000,2nd,DOF DO 074-2024,2024
0402100000,1st,DOF DO 074-2024,2024
0402101000,1st,DOF DO 074-2024,2024
0402102000,2nd,DOF DO 074-2024,2024
0402103000,1st,DOF DO 074-2024,2024
0402104000,2nd,DOF DO 074-2024,2024
0402105000,4th,DOF DO 074-2024,2024
0402106000,1st,DOF DO 074-2024,2024
0402107000,4th,DOF DO 074-2024,2024
0402108000,1st,DOF DO 074-2024,2024
0402109000,1st,DOF DO 074-2024,2024
0402110000,1st,DOF DO 074-2024,2024
0402111000,1st,DOF DO 074-2024,2024
0402112000,3rd,DOF DO 074-2024,2024
0402113000,2nd,DOF DO 074-2024,2024
0402114000,2nd,DOF DO 074-2024,2024
0402115000,1st,DOF DO 074-2024,2024
0402116000,1st,DOF DO 074-2024,2024
0402117000,1st,DOF DO 074-2024,2024
0402118000,1st,DOF DO 074-2024,2024
0402119000,1st,DOF DO 074-2024,2024
0402120000,1st,DOF DO 074-2024,2024
0402121000,3rd,DOF DO 074-2024,2024
0402122000,2nd,DOF DO 074-2024,2024
0402123000,1st,DOF DO 074-2024,2024
0403400000,1st,DOF DO 074-2024,2024
0403401000,1st,DOF DO 074-2024,2024
0403402000,1st,DOF DO 074-2024,2024
0403403000,1st,DOF DO 074-2024,2024
0403404000,1st,DOF DO 074-2024,2024
0403405000,1st,DOF DO 074-2024,2024
0403406000,1st,DOF DO 074-2024,2024
0403407000,2nd,DOF DO 074-2024,2024
0403408000,4th,DOF DO 074-2024,2024
0403409000,3rd,DOF DO 074-2024,2024
0403410000,3rd,DOF DO 074-2024,2024
0403411000,1st,DOF DO 074-2024,2024
0403412000,4th,DOF DO 074-2024,2024
0403413000,3rd,DOF DO 074-2024,2024
0403414000,4th,DOF DO 074-2024,2024
0403415000,3rd,DOF DO 074-2024,2024
0403416000,3rd,DOF DO 074-2024,2024
0403417000,1st,DOF DO 074-2024,2024
0403418000,4th,DOF DO 074-2024,2024
0403419000,2nd,DOF DO 074-2024,2024
0403420000,3rd,DOF DO 074-2024,2024
0403421000,3rd,DOF DO 074-2024,2024
0403422000,1st,DOF DO 074-2024,2024
0403423000,4th,DOF DO 074-2024,2024
0403424000,1st,DOF DO 074-2024,2024
0403425000,1st,DOF DO 074-2024,2024
0403426000,1st,DOF DO 074-2024,2024
0403427000,2nd,DOF DO 074-2024,2024
0403428000,1st,DOF DO 074-2024,2024
0403429000,1st,DOF DO 074-2024,2024
0403430000,2nd,DOF DO 074-2024,2024
0405600000,1st,DOF DO 074-2024,2024
0405601000,5th,DOF DO 074-2024,2024
0405602000,4th,DOF DO 074-2024,2024
0405603000,1st,DOF DO 074-2024,2024
0405605000,2nd,DOF DO 074-2024,2024
0405606000,3rd,DOF DO 074-2024,2024
0405607000,1st,DOF DO 074-2024,2024
0405608000,1st,DOF DO 074-2024,2024
0405610000,1st,DOF DO 074-2024,2024
0405615000,3rd,DOF DO 074-2024,2024
0405616000,3rd,DOF DO 074-2024,2024
0405617000,1st,DOF DO 074-2024,2024
0405618000,1st,DOF DO 074-2024,2024
0405619000,1st,DOF DO 074-2024,2024
0405620000,1st,DOF DO 074-2024,2024
0405621000,5th,DOF DO 074-2024,2024
0405622000,1st,DOF DO 074-2024,2024
0405623000,1st,DOF DO 074-2024,2024
0405625000,3rd,DOF DO 074-2024,2024
0405627000,1st,DOF DO 074-2024,2024
0405628000,1st,DOF DO 074-2024,2024
0405629000,4th,DOF DO 074-2024,2024
0405630000,1st,DOF DO 074-2024,2024
0405631000,3rd,DOF DO 074-2024,2024
0405632000,4th,DOF DO 074-2024,2024
0405633000,4th,DOF DO 074-2024,2024
0405634000,4th,DOF DO 074-2024,2024
0405635000,5th,DOF DO 074-2024,2024
0405636000,1st,DOF DO 074-2024,2024
0405637000,4th,DOF DO 074-2024,2024
0405638000,1st,DOF DO 074-2024,2024
0405639000,4th,DOF DO 074-2024,2024
0405640000,2nd,DOF DO 074-2024,2024
0405641000,3rd,DOF DO 074-2024,2024
0405642000,1st,DOF DO 074-2024,2024
0405644000,1st,DOF DO 074-2024,2024
0405645000,1st,DOF DO 074-2024,2024
0405646000,1st,DOF DO 074-2024,2024
0405647000,3rd,DOF DO 074-2024,2024
0405648000,1st,DOF DO 074-2024,2024
0405649000,3rd,DOF DO 074-2024,2024
0405800000,1st,DOF DO 074-2024,2024
0405801000,1st,DOF DO 074-2024,2024
0405802000,1st,DOF DO 074-2024,2024
0405803000,1st,DOF DO 074-2024,2024
0405804000,1st,DOF DO 074-2024,2024
0405805000,1st,DOF DO 074-2024,2024
0405806000,2nd,DOF DO 074-2024,2024
0405807000,3rd,DOF DO 074-2024,2024
0405808000,1st,DOF DO 074-2024,2024
0405809000,1st,DOF DO 074-2024,2024
0405810000,1st,DOF DO 074-2024,2024
0405811000,1st,DOF DO 074-2024,2024
0405812000,1st,DOF DO 074-2024,2024
0405813000,1st,DOF DO 074-2024,2024
0405814000,1st,DOF DO 074-2024,2024
0431200000,1st,DOF DO 074-2024,2024
1704000000,2nd,DOF DO 074-2024,2024
1704001000,1st,DOF DO 074-2024,2024
1704002000,4th,DOF DO 074-2024,2024
1704003000,2nd,DOF DO 074-2024,2024
1704004000,2nd,DOF DO 074-2024,2024
1704005000,1st,DOF DO 074-2024,2024
1704006000,2nd,DOF DO 074-2024,2024
1705100000,1st,DOF DO 074-2024,2024
1705101000,1st,DOF DO 074-2024,2024
1705102000,1st,DOF DO 074-2024,2024
1705103000,4th,DOF DO 074-2024,2024
1705104000,4th,DOF DO 074-2024,2024
1705105000,1st,DOF DO 074-2024,2024
1705106000,1st,DOF DO 074-2024,2024
1705107000,1st,DOF DO 074-2024,2024
1705108000,2nd,DOF DO 074-2024,2024
1705109000,1st,DOF DO 074-2024,2024
1705110000,1st,DOF DO 074-2024,2024
1705111000,1st,DOF DO 074-2024,2024
1705200000,1st,DOF DO 074-2024,2024
1705201000,1st,DOF DO 074-2024,2024
1705202000,1st,DOF DO 074-2024,2024
1705203000,1st,DOF DO 074-2024,2024
1705204000,1st,DOF DO 074-2024,2024
1705205000,2nd,DOF DO 074-2024,2024
1705206000,1st,DOF DO 074-2024,2024
1705207000,1st,DOF DO 074-2024,2024
1705208000,1st,DOF DO 074-2024,2024
1705209000,1st,DOF DO 074-2024,2024
1705210000,2nd,DOF DO 074-2024,2024
1705211000,1st,DOF DO 074-2024,2024
1705212000,1st,DOF DO 074-2024,2024
1705213000,2nd,DOF DO 074-2024,2024
1705214000,2nd,DOF DO 074-2024,2024
1705215000,1st,DOF DO 074-2024,2024
1705300000,1st,DOF DO 074-2024,2024
1705301000,1st,DOF DO 074-2024,2024
1705302000,5th,DOF DO 074-2024,2024
1705303000,3rd,DOF DO 074-2024,2024
1705304000,1st,DOF DO 074-2024,2024
1705305000,1st,DOF DO 074-2024,2024
1705306000,1st,DOF DO 074-2024,2024
1705307000,1st,DOF DO 074-2024,2024
1705308000,5th,DOF DO 074-2024,2024
1705309000,1st,DOF DO 074-2024,2024
1705310000,3rd,DOF DO 074-2024,2024
1705311000,1st,DOF DO 074-2024,2024
1705312000,1st,DOF DO 074-2024,2024
1705313000,3rd,DOF DO 074-2024,2024
1705314000,4th,DOF DO 074-2024,2024
1705315000,1st,DOF DO 074-2024,2024
1705317000,1st,DOF DO 074-2024,2024
1705318000,1st,DOF DO 074-2024,2024
1705319000,1st,DOF DO 074-2024,2024
1705320000,1st,DOF DO 074-2024,2024
1705321000,4th,DOF DO 074-2024,2024
1705322000,1st,DOF DO 074-2024,2024
1705323000,1st,DOF DO 074-2024,2024
1705324000,1st,DOF DO 074-2024,2024
1705900000,2nd,DOF DO 074-2024,2024
1705901000,4th,DOF DO 074-2024,2024
1705902000,5th,DOF DO 074-2024,2024
1705903000,3rd,DOF DO 074-2024,2024
1705904000,4th,DOF DO 074-2024,2024
1705905000,5th,DOF DO 074-2024,2024
1705906000,5th,DOF DO 074-2024,2024
1705907000,3rd,DOF DO 074-2024,2024
1705908000,4th,DOF DO 074-2024,2024
1705909000,1st,DOF DO 074-2024,2024
1705910000,2nd,DOF DO 074-2024,2024
1705911000,3rd,DOF DO 074-2024,2024
1705912000,4th,DOF DO 074-2024,2024
1705913000,3rd,DOF DO 074-2024,2024
1705914000,5th,DOF DO 074-2024,2024
1705915000,4th,DOF DO 074-2024,2024
1705916000,5th,DOF DO 074-2024,2024
1705917000,5th,DOF DO 074-2024,2024
1731500000,1st,DOF DO 074-2024,2024
0500500000,1st,DOF DO 074-2024,2024
0500501000,1st,DOF DO 074-2024,2024
0500502000,1st,DOF DO 074-2024,2024
0500503000,1st,DOF DO 074-2024,2024
0500504000,1st,DOF DO 074-2024,2024
0500505000,4th,DOF DO 074-2024,2024
0500506000,1st,DOF DO 074-2024,2024
0500507000,1st,DOF DO 074-2024,2024
0500508000,3rd,DOF DO 074-2024,2024
0500509000,1st,DOF DO 074-2024,2024
0500510000,2nd,DOF DO 074-2024,2024
0500511000,2nd,DOF DO 074-2024,2024
0500512000,1st,DOF DO 074-2024,2024
0500513000,1st,DOF DO 074-2024,2024
0500514000,1st,DOF DO 074-2024,2024
0500515000,2nd,DOF DO 074-2024,2024
0500516000,2nd,DOF DO 074-2024,2024
0500517000,3rd,DOF DO 074-2024,2024
0500518000,1st,DOF DO 074-2024,2024
0501600000,1st,DOF DO 074-2024,2024
0501601000,1st,DOF DO 074-2024,2024
0501602000,1st,DOF DO 074-2024,2024
0501603000,1st,DOF DO 074-2024,2024
0501604000,5th,DOF DO 074-2024,2024
0501605000,1st,DOF DO 074-2024,2024
0501606000,1st,DOF DO 074-2024,2024
0501607000,1st,DOF DO 074-2024,2024
0501608000,1st,DOF DO 074-2024,2024
0501609000,4th,DOF DO 074-2024,2024
0501610000,1st,DOF DO 074-2024,2024
0501611000,4th,DOF DO 074-2024,2024
0501612000,2nd,DOF DO 074-2024,2024
0501700000,1st,DOF DO 074-2024,2024
0501701000,1st,DOF DO 074-2024,2024
0501702000,3rd,DOF DO 074-2024,2024
0501703000,2nd,DOF DO 074-2024,2024
0501704000,4th,DOF DO 074-2024,2024
0501705000,1st,DOF DO 074-2024,2024
0501706000,1st,DOF DO 074-2024,2024
0501707000,4th,DOF DO 074-2024,2024
0501708000,1st,DOF DO 074-2024,2024
0501709000,4th,DOF DO 074-2024,2024
0501710000,3rd,DOF DO 074-2024,2024
0501711000,1st,DOF DO 074-2024,2024
0501712000,3rd,DOF DO 074-2024,2024
0501713000,5th,DOF DO 074-2024,2024
0501714000,2nd,DOF DO 074-2024,2024
0501715000,1st,DOF DO 074-2024,2024
0501716000,3rd,DOF DO 074-2024,2024
0501717000,1st,DOF DO 074-2024,2024
0501718000,1st,DOF DO 074-2024,2024
0501719000,2nd,DOF DO 074-2024,2024
0501720000,4th,DOF DO 074-2024,2024
0501721000,3rd,DOF DO 074-2024,2024
0501722000,1st,DOF DO 074-2024,2024
0501723000,1st,DOF DO 074-2024,2024
0501724000,1st,DOF DO 074-2024,2024
0501725000,2nd,DOF DO 074-2024,2024
0501726000,3rd,DOF DO 074-2024,2024
0501727000,1st,DOF DO 074-2024,2024
0501728000,1st,DOF DO 074-2024,2024
0501729000,3rd,DOF DO 074-2024,2024
0501730000,1st,DOF DO 074-2024,2024
0501731000,2nd,DOF DO 074-2024,2024
0501732000,2nd,DOF DO 074-2024,2024
0501733000,3rd,DOF DO 074-2024,2024
0501734000,1st,DOF DO 074-2024,2024
0501735000,4th,DOF DO 074-2024,2024
0501736000,1st,DOF DO 074-2024,2024
0501737000,1st,DOF DO 074-2024,2024
0502000000,2nd,DOF DO 074-2024,2024
0502001000,4th,DOF DO 074-2024,2024
0502002000,4th,DOF DO 074-2024,2024
0502003000,4th,DOF DO 074-2024,2024
0502004000,2nd,DOF DO 074-2024,2024
0502005000,4th,DOF DO 074-2024,2024
0502006000,4th,DOF DO 074-2024,2024
0502007000,4th,DOF DO 074-2024,2024
0502008000,2nd,DOF DO 074-2024,2024
0502009000,4th,DOF DO 074-2024,2024
0502010000,3rd,DOF DO 074-2024,2024
0502011000,1st,DOF DO 074-2024,2024
0504100000,1st,DOF DO 074-2024,2024
0504101000,1st,DOF DO 074-2024,2024
0504102000,2nd,DOF DO 074-2024,2024
0504103000,2nd,DOF DO 074-2024,2024
0504104000,4th,DOF DO 074-2024,2024
0504105000,1st,DOF DO 074-2024,2024
0504106000,1st,DOF DO 074-2024,2024
0504107000,1st,DOF DO 074-2024,2024
0504108000,3rd,DOF DO 074-2024,2024
0504109000,4th,DOF DO 074-2024,2024
0504110000,1st,DOF DO 074-2024,2024
0504111000,3rd,DOF DO 074-2024,2024
0504112000,1st,DOF DO 074-2024,2024
0504113000,2nd,DOF DO 074-2024,2024
0504114000,3rd,DOF DO 074-2024,2024
0504115000,3rd,DOF DO 074-2024,2024
0504116000,4th,DOF DO 074-2024,2024
0504117000,1st,DOF DO 074-2024,2024
0504118000,4th,DOF DO 074-2024,2024
0504119000,3rd,DOF DO 074-2024,2024
0504120000,1st,DOF DO 074-2024,2024
0504121000,1st,DOF DO 074-2024,2024
0506200000,1st,DOF DO 074-2024,2024
0506202000,4th,DOF DO 074-2024,2024
0506203000,1st,DOF DO 074-2024,2024
0506204000,3rd,DOF DO 074-2024,2024
0506205000,3rd,DOF DO 074-2024,2024
0506206000,1st,DOF DO 074-2024,2024
0506207000,1st,DOF DO 074-2024,2024
0506208000,1st,DOF DO 074-2024,2024
0506209000,1st,DOF DO 074-2024,2024
0506210000,2nd,DOF DO 074-2024,2024
0506211000,2nd,DOF DO 074-2024,2024
0506212000,1st,DOF DO 074-2024,2024
0506213000,1st,DOF DO 074-2024,2024
0506214000,4th,DOF DO 074-2024,2024
0506215000,4th,DOF DO 074-2024,2024
0506216000,2nd,DOF DO 074-2024,2024
0600400000,1st,DOF DO 074-2024,2024
0600401000,3rd,DOF DO 074-2024,2024
0600402000,3rd,DOF DO 074-2024,2024
0600403000,2nd,DOF DO 074-2024,2024
0600404000,3rd,DOF DO 074-2024,2024
0600405000,4th,DOF DO 074-2024,2024
0600406000,1st,DOF DO 074-2024,2024
0600407000,1st,DOF DO 074-2024,2024
0600408000,4th,DOF DO 074-2024,2024
0600409000,2nd,DOF DO 074-2024,2024
0600410000,3rd,DOF DO 074-2024,2024
0600411000,3rd,DOF DO 074-2024,2024
0600412000,1st,DOF DO 074-2024,2024
0600413000,3rd,DOF DO 074-2024,2024
0600414000,2nd,DOF DO 074-2024,2024
0600415000,2nd,DOF DO 074-2024,2024
0600416000,3rd,DOF DO 074-2024,2024
0600417000,4th,DOF DO 074-2024,2024
0600600000,1st,DOF DO 074-2024,2024
0600601000,4th,DOF DO 074-2024,2024
0600602000,3rd,DOF DO 074-2024,2024
0600603000,5th,DOF DO 074-2024,2024
0600604000,2nd,DOF DO 074-2024,2024
0600605000,1st,DOF DO 074-2024,2024
0600606000,1st,DOF DO 074-2024,2024
0600607000,3rd,DOF DO 074-2024,2024
0600608000,2nd,DOF DO 074-2024,2024
0600609000,3rd,DOF DO 074-2024,2024
0600610000,4th,DOF DO 074-2024,2024
0600611000,2nd,DOF DO 074-2024,2024
0600612000,2nd,DOF DO 074-2024,2024
0600613000,1st,DOF DO 074-2024,2024
0600614000,1st,DOF DO 074-2024,2024
0600615000,3rd,DOF DO 074-2024,2024
0600616000,1st,DOF DO 074-2024,2024
0600617000,2nd,DOF DO 074-2024,2024
0600618000,2nd,DOF DO 074-2024,2024
0601900000,1st,DOF DO 074-2024,2024
0601901000,3rd,DOF DO 074-2024,2024
0601902000,3rd,DOF DO 074-2024,2024
0601903000,3rd,DOF DO 074-2024,2024
0601904000,1st,DOF DO 074-2024,2024
0601905000,3rd,DOF DO 074-2024,2024
0601906000,1st,DOF DO 074-2024,2024
0601907000,2nd,DOF DO 074-2024,2024
0601908000,2nd,DOF DO 074-2024,2024
0601909000,2nd,DOF DO 074-2024,2024
0601910000,2nd,DOF DO 074-2024,2024
0601911000,2nd,DOF DO 074-2024,2024
0601912000,1st,DOF DO 074-2024,2024
0601913000,3rd,DOF DO 074-2024,2024
0601914000,2nd,DOF DO 074-2024,2024
0601915000,3rd,DOF DO 074-2024,2024
0601916000,3rd,DOF DO 074-2024,2024
0601917000,1st,DOF DO 074-2024,2024
0603000000,1st,DOF DO 074-2024,2024
0603001000,1st,DOF DO 074-2024,2024
0603002000,2nd,DOF DO 074-2024,2024
0603003000,3rd,DOF DO 074-2024,2024
0603004000,4th,DOF DO 074-2024,2024
0603005000,2nd,DOF DO 074-2024,2024
0603006000,2nd,DOF DO 074-2024,2024
0603007000,1st,DOF DO 074-2024,2024
0603008000,1st,DOF DO 074-2024,2024
0603009000,4th,DOF DO 074-2024,2024
0603010000,4th,DOF DO 074-2024,2024
0603012000,1st,DOF DO 074-2024,2024
0603013000,1st,DOF DO 074-2024,2024
0603014000,1st,DOF DO 074-2024,2024
0603015000,1st,DOF DO 074-2024,2024
0603016000,1st,DOF DO 074-2024,2024
0603017000,3rd,DOF DO 074-2024,2024
0603018000,1st,DOF DO 074-2024,2024
0603019000,1st,DOF DO 074-2024,2024
0603020000,3rd,DOF DO 074-2024,2024
0603021000,2nd,DOF DO 074-2024,2024
0603023000,1st,DOF DO 074-2024,2024
0603025000,1st,DOF DO 074-2024,2024
0603026000,2nd,DOF DO 074-2024,2024
0603027000,3rd,DOF DO 074-2024,2024
0603028000,1st,DOF DO 074-2024,2024
0603029000,2nd,DOF DO 074-2024,2024
0603030000,1st,DOF DO 074-2024,2024
0603031000,4th,DOF DO 074-2024,2024
0603032000,4th,DOF DO 074-2024,2024
0603034000,1st,DOF DO 074-2024,2024
0603035000,3rd,DOF DO 074-2024,2024
0603036000,1st,DOF DO 074-2024,2024
0603037000,1st,DOF DO 074-2024,2024
0603038000,2nd,DOF DO 074-2024,2024
0603039000,2nd,DOF DO 074-2024,2024
0603040000,1st,DOF DO 074-2024,2024
0603041000,3rd,DOF DO 074-2024,2024
0603042000,4th,DOF DO 074-2024,2024
0603043000,1st,DOF DO 074-2024,2024
0603044000,1st,DOF DO 074-2024,2024
0603045000,1st,DOF DO 074-2024,2024
0603046000,4th,DOF DO 074-2024,2024
0603047000,3rd,DOF DO 074-2024,2024
0607900000,2nd,DOF DO 074-2024,2024
0607901000,1st,DOF DO 074-2024,2024
0607902000,2nd,DOF DO 074-2024,2024
0607903000,2nd,DOF DO 074-2024,2024
0607904000,3rd,DOF DO 074-2024,2024
0607905000,3rd,DOF DO 074-2024,2024
0631000000,1st,DOF DO 074-2024,2024
1804500000,1st,DOF DO 074-2024,2024
1804502000,1st,DOF DO 074-2024,2024
1804503000,1st,DOF DO 074-2024,2024
1804504000,1st,DOF DO 074-2024,2024
1804505000,1st,DOF DO 074-2024,2024
1804506000,3rd,DOF DO 074-2024,2024
1804507000,1st,DOF DO 074-2024,2024
1804508000,1st,DOF DO 074-2024,2024
1804509000,3rd,DOF DO 074-2024,2024
1804510000,2nd,DOF DO 074-2024,2024
1804511000,1st,DOF DO 074-2024,2024
1804512000,1st,DOF DO 074-2024,2024
1804513000,1st,DOF DO 074-2024,2024
1804514000,1st,DOF DO 074-2024,2024
1804515000,1st,DOF DO 074-2024,2024
1804516000,4th,DOF DO 074-2024,2024
1804517000,1st,DOF DO 074-2024,2024
1804518000,1st,DOF DO 074-2024,2024
1804519000,2nd,DOF DO 074-2024,2024
1804520000,1st,DOF DO 074-2024,2024
1804521000,1st,DOF DO 074-2024,2024
1804522000,3rd,DOF DO 074-2024,2024
1804523000,2nd,DOF DO 074-2024,2024
1804524000,1st,DOF DO 074-2024,2024
1804525000,4th,DOF DO 074-2024,2024
1804526000,3rd,DOF DO 074-2024,2024
1804527000,3rd,DOF DO 074-2024,2024
1804528000,3rd,DOF DO 074-2024,2024
1804529000,2nd,DOF DO 074-2024,2024
1804530000,2nd,DOF DO 074-2024,2024
1804531000,4th,DOF DO 074-2024,2024
1804532000,3rd,DOF DO 074-2024,2024
1804600000,1st,DOF DO 074-2024,2024
1804601000,3rd,DOF DO 074-2024,2024
1804602000,1st,DOF DO 074-2024,2024
1804603000,2nd,DOF DO 074-2024,2024
1804604000,3rd,DOF DO 074-2024,2024
1804605000,3rd,DOF DO 074-2024,2024
1804606000,1st,DOF DO 074-2024,2024
1804607000,2nd,DOF DO 074-2024,2024
1804608000,4th,DOF DO 074-2024,2024
1804609000,2nd,DOF DO 074-2024,2024
1804610000,2nd,DOF DO 074-2024,2024
1804611000,2nd,DOF DO 074-2024,2024
1804612000,3rd,DOF DO 074-2024,2024
1804613000,2nd,DOF DO 074-2024,2024
1804614000,1st,DOF DO 074-2024,2024
1804615000,1st,DOF DO 074-2024,2024
1804616000,2nd,DOF DO 074-2024,2024
1804617000,4th,DOF DO 074-2024,2024
1804618000,1st,DOF DO 074-2024,2024
1804619000,1st,DOF DO 074-2024,2024
1804620000,1st,DOF DO 074-2024,2024
1804621000,3rd,DOF DO 074-2024,2024
1804622000,2nd,DOF DO 074-2024,2024
1804623000,1st,DOF DO 074-2024,2024
1804624000,2nd,DOF DO 074-2024,2024
1804625000,3rd,DOF DO 074-2024,2024
1806100000,3rd,DOF DO 074-2024,2024
1806101000,5th,DOF DO 074-2024,2024
1806102000,4th,DOF DO 074-2024,2024
1806103000,4th,DOF DO 074-2024,2024
1806104000,4th,DOF DO 074-2024,2024
1806105000,4th,DOF DO 074-2024,2024
1806106000,3rd,DOF DO 074-2024,2024
1830200000,1st,DOF DO 074-2024,2024
0701200000,1st,DOF DO 074-2024,2024
0701201000,4th,DOF DO 074-2024,2024
0701202000,3rd,DOF DO 074-2024,2024
0701203000,4th,DOF DO 074-2024,2024
0701204000,4th,DOF DO 074-2024,2024
0701205000,4th,DOF DO 074-2024,2024
0701206000,3rd,DOF DO 074-2024,2024
0701207000,4th,DOF DO 074-2024,2024
0701208000,4th,DOF DO 074-2024,2024
0701209000,1st,DOF DO 074-2024,2024
0701210000,2nd,DOF DO 074-2024,2024
0701211000,3rd,DOF DO 074-2024,2024
0701212000,1st,DOF DO 074-2024,2024
0701213000,3rd,DOF DO 074-2024,2024
0701214000,4th,DOF DO 074-2024,2024
0701215000,4th,DOF DO 074-2024,2024
0701216000,4th,DOF DO 074-2024,2024
0701217000,4th,DOF DO 074-2024,2024
0701218000,3rd,DOF DO 074-2024,2024
0701219000,1st,DOF DO 074-2024,2024
0701220000,4th,DOF DO 074-2024,2024
0701221000,4th,DOF DO 074-2024,2024
0701222000,3rd,DOF DO 074-2024,2024
0701223000,2nd,DOF DO 074-2024,2024
0701224000,1st,DOF DO 074-2024,2024
0701225000,2nd,DOF DO 074-2024,2024
0701226000,2nd,DOF DO 074-2024,2024
0701227000,4th,DOF DO 074-2024,2024
0701228000,4th,DOF DO 074-2024,2024
0701229000,3rd,DOF DO 074-2024,2024
0701230000,1st,DOF DO 074-2024,2024
0701231000,3rd,DOF DO 074-2024,2024
0701232000,3rd,DOF DO 074-2024,2024
0701233000,1st,DOF DO 074-2024,2024
0701234000,3rd,DOF DO 074-2024,2024
0701235000,3rd,DOF DO 074-2024,2024
0701236000,3rd,DOF DO 074-2024,2024
0701237000,5th,DOF DO 074-2024,2024
0701238000,2nd,DOF DO 074-2024,2024
0701239000,4th,DOF DO 074-2024,2024
0701240000,2nd,DOF DO 074-2024,2024
0701241000,5th,DOF DO 074-2024,2024
0701242000,2nd,DOF DO 074-2024,2024
0701243000,1st,DOF DO 074-2024,2024
0701244000,1st,DOF DO 074-2024,2024
0701245000,1st,DOF DO 074-2024,2024
0701246000,1st,DOF DO 074-2024,2024
0701247000,3rd,DOF DO 074-2024,2024
0701248000,4th,DOF DO 074-2024,2024
0702200000,1st,DOF DO 074-2024,2024
0702201000,4th,DOF DO 074-2024,2024
0702202000,4th,DOF DO 074-2024,2024
0702203000,3rd,DOF DO 074-2024,2024
0702204000,3rd,DOF DO 074-2024,2024
0702205000,1st,DOF DO 074-2024,2024
0702206000,1st,DOF DO 074-2024,2024
0702207000,1st,DOF DO 074-2024,2024
0702208000,1st,DOF DO 074-2024,2024
0702209000,1st,DOF DO 074-2024,2024
0702210000,1st,DOF DO 074-2024,2024
0702211000,4th,DOF DO 074-2024,2024
0702212000,4th,DOF DO 074-2024,2024
0702213000,2nd,DOF DO 074-2024,2024
0702214000,3rd,DOF DO 074-2024,2024
0702215000,1st,DOF DO 074-2024,2024
0702216000,2nd,DOF DO 074-2024,2024
0702218000,1st,DOF DO 074-2024,2024
0702219000,1st,DOF DO 074-2024,2024
0702220000,1st,DOF DO 074-2024,2024
0702221000,1st,DOF DO 074-2024,2024
0702222000,1st,DOF DO 074-2024,2024
0702223000,2nd,DOF DO 074-2024,2024
0702224000,1st,DOF DO 074-2024,2024
0702225000,4th,DOF DO 074-2024,2024
0702227000,1st,DOF DO 074-2024,2024
0702228000,1st,DOF DO 074-2024,2024
0702229000,4th,DOF DO 074-2024,2024
0702231000,1st,DOF DO 074-2024,2024
0702232000,1st,DOF DO 074-2024,2024
0702233000,1st,DOF DO 074-2024,2024
0702234000,3rd,DOF DO 074-2024,2024
0702235000,1st,DOF DO 074-2024,2024
0702236000,5th,DOF DO 074-2024,2024
0702237000,1st,DOF DO 074-2024,2024
0702238000,3rd,DOF DO 074-2024,2024
0702239000,4th,DOF DO 074-2024,2024
0702240000,4th,DOF DO 074-2024,2024
0702241000,1st,DOF DO 074-2024,2024
0702242000,1st,DOF DO 074-2024,2024
0702243000,1st,DOF DO 074-2024,2024
0702244000,3rd,DOF DO 074-2024,2024
0702245000,4th,DOF DO 074-2024,2024
0702246000,1st,DOF DO 074-2024,2024
0702247000,2nd,DOF DO 074-2024,2024
0702248000,2nd,DOF DO 074-2024,2024
0702249000,2nd,DOF DO 074-2024,2024
0702250000,1st,DOF DO 074-2024,2024
0702251000,1st,DOF DO 074-2024,2024
0702252000,1st,DOF DO 074-2024,2024
0702253000,4th,DOF DO 074-2024,2024
0730600000,1st,DOF DO 074-2024,2024
0731100000,1st,DOF DO 074-2024,2024
0731300000,1st,DOF DO 074-2024,2024
0802600000,1st,DOF DO 074-2024,2024
0802601000,4th*,DOF DO 074-2024,2024
0802602000,3rd,DOF DO 074-2024,2024
0802603000,4th,DOF DO 074-2024,2024
0802604000,2nd,DOF DO 074-2024,2024
0802605000,2nd,DOF DO 074-2024,2024
0802606000,1st,DOF DO 074-2024,2024
0802607000,4th,DOF DO 074-2024,2024
0802608000,4th,DOF DO 074-2024,2024
0802609000,1st,DOF DO 074-2024,2024
0802610000,5th,DOF DO 074-2024,2024
0802611000,4th,DOF DO 074-2024,2024
0802612000,4th,DOF DO 074-2024,2024
0802613000,1st,DOF DO 074-2024,2024
0802614000,4th,DOF DO 074-2024,2024
0802615000,2nd,DOF DO 074-2024,2024
0802616000,5th,DOF DO 074-2024,2024
0802617000,2nd,DOF DO 074-2024,2024
0802618000,4th,DOF DO 074-2024,2024
0802619000,3rd,DOF DO 074-2024,2024
0802620000,4th,DOF DO 074-2024,2024
0802621000,4th,DOF DO 074-2024,2024
0802622000,4th,DOF DO 074-2024,2024
0802623000,3rd,DOF DO 074-2024,2024
0803700000,1st,DOF DO 074-2024,2024
0803701000,1st,DOF DO 074-2024,2024
0803702000,1st,DOF DO 074-2024,2024
0803703000,1st,DOF DO 074-2024,2024
0803705000,3rd,DOF DO 074-2024,2024
0803706000,3rd,DOF DO 074-2024,2024
0803707000,2nd,DOF DO 074-2024,2024
0803708000,1st,DOF DO 074-2024,2024
0803710000,1st,DOF DO 074-2024,2024
0803713000,3rd,DOF DO 074-2024,2024
0803714000,2nd,DOF DO 074-2024,2024
0803715000,1st,DOF DO 074-2024,2024
0803717000,2nd,DOF DO 074-2024,2024
0803718000,2nd,DOF DO 074-2024,2024
0803719000,1st,DOF DO 074-2024,2024
0803720000,4th,DOF DO 074-2024,2024
0803721000,4th,DOF DO 074-2024,2024
0803722000,1st,DOF DO 074-2024,2024
0803723000,1st,DOF DO 074-2024,2024
0803724000,3rd,DOF DO 074-2024,2024
0803725000,4th,DOF DO 074-2024,2024
0803726000,1st,DOF DO 074-2024,2024
0803728000,4th,DOF DO 074-2024,2024
0803729000,2nd,DOF DO 074-2024,2024
0803730000,4th,DOF DO 074-2024,2024
0803731000,3rd,DOF DO 074-2024,2024
0803733000,4th,DOF DO 074-2024,2024
0803734000,2nd,DOF DO 074-2024,2024
0803735000,4th,DOF DO 074-2024,2024
0803736000,3rd,DOF DO 074-2024,2024
0803738000,1st,DOF DO 074-2024,2024
0803739000,1st,DOF DO 074-2024,2024
0803740000,1st,DOF DO 074-2024,2024
0803741000,4th,DOF DO 074-2024,2024
0803742000,3rd,DOF DO 074-2024,2024
0803743000,3rd,DOF DO 074-2024,2024
0803744000,4th,DOF DO 074-2024,2024
0803745000,3rd,DOF DO 074-2024,2024
0803746000,5th,DOF DO 074-2024,2024
0803748000,1st,DOF DO 074-2024,2024
0803749000,4th,DOF DO 074-2024,2024
0803750000,5th,DOF DO 074-2024,2024
0803751000,2nd,DOF DO 074-2024,2024
0804800000,1st,DOF DO 074-2024,2024
0804801000,4th,DOF DO 074-2024,2024
0804802000,5th,DOF DO 074-2024,2024
0804803000,3rd,DOF DO 074-2024,2024
0804804000,5th,DOF DO 074-2024,2024
0804805000,1st,DOF DO 074-2024,2024
0804806000,2nd,DOF DO 074-2024,2024
0804807000,3rd,DOF DO 074-2024,2024
0804808000,1st,DOF DO 074-2024,2024
0804809000,5th,DOF DO 074-2024,2024
0804810000,2nd,DOF DO 074-2024,2024
0804811000,3rd,DOF DO 074-2024,2024
0804812000,4th,DOF DO 074-2024,2024
0804813000,1st,DOF DO 074-2024,2024
0804814000,2nd,DOF DO 074-2024,2024
0804815000,2nd,DOF DO 074-2024,2024
0804816000,5th,DOF DO 074-2024,2024
0804817000,5th,DOF DO 074-2024,2024
0804818000,2nd,DOF DO 074-2024,2024
0804819000,4th,DOF DO 074-2024,2024
0804820000,3rd,DOF DO 074-2024,2024
0804821000,5th,DOF DO 074-2024,2024
0804822000,3rd,DOF DO 074-2024,2024
0804823000,4th,DOF DO 074-2024,2024
0804824000,3rd,DOF DO 074-2024,2024
0806000000,1st,DOF DO 074-2024,2024
0806001000,5th,DOF DO 074-2024,2024
0806002000,1st,DOF DO 074-2024,2024
0806003000,1st,DOF DO 074-2024,2024
0806004000,2nd,DOF DO 074-2024,2024
0806005000,3rd,DOF DO 074-2024,2024
0806006000,2nd,DOF DO 074-2024,2024
0806007000,1st,DOF DO 074-2024,2024
0806008000,2nd,DOF DO 074-2024,2024
0806009000,4th,DOF DO 074-2024,2024
0806010000,4th,DOF DO 074-2024,2024
0806011000,4th,DOF DO 074-2024,2024
0806012000,4th,DOF DO 074-2024,2024
0806013000,3rd,DOF DO 074-2024,2024
0806014000,3rd,DOF DO 074-2024,2024
0806015000,5th,DOF DO 074-2024,2024
0806016000,3rd,DOF DO 074-2024,2024
0806017000,1st,DOF DO 074-2024,2024
0806018000,5th,DOF DO 074-2024,2024
0806019000,5th,DOF DO 074-2024,2024
0806020000,3rd,DOF DO 074-2024,2024
0806021000,3rd,DOF DO 074-2024,2024
0806022000,1st,DOF DO 074-2024,2024
0806023000,4th,DOF DO 074-2024,2024
0806024000,5th,DOF DO 074-2024,2024
0806025000,3rd,DOF DO 074-2024,2024
0806026000,5th,DOF DO 074-2024,2024
0806400000,1st,DOF DO 074-2024,2024
0806401000,5th,DOF DO 074-2024,2024
0806402000,3rd,DOF DO 074-2024,2024
0806403000,2nd,DOF DO 074-2024,2024
0806404000,4th,DOF DO 074-2024,2024
0806405000,4th,DOF DO 074-2024,2024
0806406000,3rd,DOF DO 074-2024,2024
0806407000,3rd,DOF DO 074-2024,2024
0806408000,3rd,DOF DO 074-2024,2024
0806409000,4th,DOF DO 074-2024,2024
0806410000,5th,DOF DO 074-2024,2024
0806411000,5th,DOF DO 074-2024,2024
0806412000,3rd,DOF DO 074-2024,2024
0806413000,4th,DOF DO 074-2024,2024
0806414000,4th,DOF DO 074-2024,2024
0806415000,5th,DOF DO 074-2024,2024
0806416000,4th,DOF DO 074-2024,2024
0806417000,1st,DOF DO 074-2024,2024
0806418000,4th,DOF DO 074-2024,2024
0806419000,5th,DOF DO 074-2024,2024
0807800000,2nd,DOF DO 074-2024,2024
0807801000,4th,DOF DO 074-2024,2024
0807802000,4th,DOF DO 074-2024,2024
0807803000,4th,DOF DO 074-2024,2024
0807804000,4th,DOF DO 074-2024,2024
0807805000,4th,DOF DO 074-2024,2024
0807806000,4th,DOF DO 074-2024,2024
0807807000,5th,DOF DO 074-2024,2024
0807808000,1st,DOF DO 074-2024,2024
0831600000,1st,DOF DO 074-2024,2024
0906600000,1st,DOF DO 074-2024,2024
0906601000,1st,DOF DO 074-2024,2024
0906602000,1st,DOF DO 074-2024,2024
0906603000,3rd,DOF DO 074-2024,2024
0906604000,3rd,DOF DO 074-2024,2024
0906605000,2nd,DOF DO 074-2024,2024
0906606000,5th,DOF DO 074-2024,2024
0906607000,2nd,DOF DO 074-2024,2024
0906608000,2nd,DOF DO 074-2024,2024
0906609000,1st,DOF DO 074-2024,2024
0906610000,4th,DOF DO 074-2024,2024
0906611000,1st,DOF DO 074-2024,2024
0906612000,1st,DOF DO 074-2024,2024
0906613000,1st,DOF DO 074-2024,2024
0906614000,4th,DOF DO 074-2024,2024
0906615000,2nd,DOF DO 074-2024,2024
0906616000,3rd,DOF DO 074-2024,2024
0906617000,4th,DOF DO 074-2024,2024
0906618000,3rd,DOF DO 074-2024,2024
0906619000,4th,DOF DO 074-2024,2024
0907200000,1st,DOF DO 074-2024,2024
0907201000,2nd,DOF DO 074-2024,2024
0907202000,2nd,DOF DO 074-2024,2024
0907203000,1st,DOF DO 074-2024,2024
0907204000,5th,DOF DO 074-2024,2024
0907205000,2nd,DOF DO 074-2024,2024
0907206000,2nd,DOF DO 074-2024,2024
0907207000,1st,DOF DO 074-2024,2024
0907208000,4th,DOF DO 074-2024,2024
0907209000,3rd,DOF DO 074-2024,2024
0907210000,1st,DOF DO 074-2024,2024
0907211000,1st,DOF DO 074-2024,2024
0907212000,4th,DOF DO 074-2024,2024
0907213000,2nd,DOF DO 074-2024,2024
0907214000,1st,DOF DO 074-2024,2024
0907215000,1st,DOF DO 074-2024,2024
0907216000,1st,DOF DO 074-2024,2024
0907217000,4th,DOF DO 074-2024,2024
0907218000,1st,DOF DO 074-2024,2024
0907219000,1st,DOF DO 074-2024,2024
0907220000,2nd,DOF DO 074-2024,2024
0907221000,3rd,DOF DO 074-2024,2024
0907222000,3rd,DOF DO 074-2024,2024
0907223000,1st,DOF DO 074-2024,2024
0907224000,1st,DOF DO 074-2024,2024
0907225000,3rd,DOF DO 074-2024,2024
0907226000,2nd,DOF DO 074-2024,2024
0907227000,3rd,DOF DO 074-2024,2024
0907300000,1st,DOF DO 074-2024,2024
0907302000,1st,DOF DO 074-2024,2024
0907303000,1st,DOF DO 074-2024,2024
0907305000,3rd,DOF DO 074-2024,2024
0907306000,2nd,DOF DO 074-2024,2024
0907307000,2nd,DOF DO 074-2024,2024
0907308000,1st,DOF DO 074-2024,2024
0907311000,2nd,DOF DO 074-2024,2024
0907312000,2nd,DOF DO 074-2024,2024
0907313000,2nd,DOF DO 074-2024,2024
0907315000,1st,DOF DO 074-2024,2024
0907317000,2nd,DOF DO 074-2024,2024
0907318000,2nd,DOF DO 074-2024,2024
0907319000,1st,DOF DO 074-2024,2024
0907322000,1st,DOF DO 074-2024,2024
0907323000,3rd,DOF DO 074-2024,2024
0907324000,3rd,DOF DO 074-2024,2024
0907325000,3rd,DOF DO 074-2024,2024
0907327000,3rd,DOF DO 074-2024,2024
0907328000,2nd,DOF DO 074-2024,2024
0907330000,2nd,DOF DO 074-2024,2024
0907333000,3rd,DOF DO 074-2024,2024
0907337000,4th,DOF DO 074-2024,2024
0907338000,3rd,DOF DO 074-2024,2024
0907340000,4th,DOF DO 074-2024,2024
0907341000,4th,DOF DO 074-2024,2024
0907343000,4th,DOF DO 074-2024,2024
0907344000,4th,DOF DO 074-2024,2024
0908300000,1st,DOF DO 074-2024,2024
0908301000,2nd,DOF DO 074-2024,2024
0908302000,2nd,DOF DO 074-2024,2024
0908303000,1st,DOF DO 074-2024,2024
0908304000,3rd,DOF DO 074-2024,2024
0908305000,1st,DOF DO 074-2024,2024
0908306000,1st,DOF DO 074-2024,2024
0908307000,3rd,DOF DO 074-2024,2024
0908308000,1st,DOF DO 074-2024,2024
0908309000,1st,DOF DO 074-2024,2024
0908310000,2nd,DOF DO 074-2024,2024
0908311000,2nd,DOF DO 074-2024,2024
0908312000,1st,DOF DO 074-2024,2024
0908313000,1st,DOF DO 074-2024,2024
0908314000,4th,DOF DO 074-2024,2024
0908315000,1st,DOF DO 074-2024,2024
0908316000,1st,DOF DO 074-2024,2024
0990101000,3rd,DOF DO 074-2024,2024
0931700000,1st,DOF DO 074-2024,2024
1001300000,1st,DOF DO 074-2024,2024
1001301000,1st,DOF DO 074-2024,2024
1001302000,2nd,DOF DO 074-2024,2024
1001303000,1st,DOF DO 074-2024,2024
1001304000,1st,DOF DO 074-2024,2024
1001305000,1st,DOF DO 074-2024,2024
1001306000,2nd,DOF DO 074-2024,2024
1001307000,1st,DOF DO 074-2024,2024
1001308000,1st,DOF DO 074-2024,2024
1001309000,1st,DOF DO 074-2024,2024
1001310000,1st,DOF DO 074-2024,2024
1001311000,1st,DOF DO 074-2024,2024
1001312000,1st,DOF DO 074-2024,2024
1001313000,1st,DOF DO 074-2024,2024
1001314000,1st,DOF DO 074-2024,2024
1001315000,1st,DOF DO 074-2024,2024
1001316000,1st,DOF DO 074-2024,2024
1001317000,1st,DOF DO 074-2024,2024
1001318000,1st,DOF DO 074-2024,2024
1001319000,2nd,DOF DO 074-2024,2024
1001320000,1st,DOF DO 074-2024,2024
1001321000,1st,DOF DO 074-2024,2024
1001322000,2nd,DOF DO 074-2024,2024
1001800000,3rd,DOF DO 074-2024,2024
1001801000,4th,DOF DO 074-2024,2024
1001802000,5th,DOF DO 074-2024,2024
1001803000,4th,DOF DO 074-2024,2024
1001804000,2nd,DOF DO 074-2024,2024
1001805000,5th,DOF DO 074-2024,2024
1003500000,1st,DOF DO 074-2024,2024
1003501000,3rd,DOF DO 074-2024,2024
1003502000,1st,DOF DO 074-2024,2024
1003503000,4th,DOF DO 074-2024,2024
1003505000,1st,DOF DO 074-2024,2024
1003506000,1st,DOF DO 074-2024,2024
1003507000,1st,DOF DO 074-2024,2024
1003508000,3rd,DOF DO 074-2024,2024
1003509000,1st,DOF DO 074-2024,2024
1003510000,4th,DOF DO 074-2024,2024
1003511000,3rd,DOF DO 074-2024,2024
1003512000,3rd,DOF DO 074-2024,2024
1003513000,4th,DOF DO 074-2024,2024
1003514000,2nd,DOF DO 074-2024,2024
1003515000,1st,DOF DO 074-2024,2024
1003516000,3rd,DOF DO 074-2024,2024
1003517000,2nd,DOF DO 074-2024,2024
1003518000,3rd,DOF DO 074-2024,2024
1003519000,4th,DOF DO 074-2024,2024
1003520000,4th,DOF DO 074-2024,2024
1003521000,4th,DOF DO 074-2024,2024
1003522000,1st,DOF DO 074-2024,2024
1003523000,4th,DOF DO 074-2024,2024
1004200000,1st,DOF DO 074-2024,2024
1004201000,3rd,DOF DO 074-2024,2024
1004202000,4th,DOF DO 074-2024,2024
1004203000,2nd,DOF DO 074-2024,2024
1004204000,3rd,DOF DO 074-2024,2024
1004205000,2nd,DOF DO 074-2024,2024
1004206000,5th,DOF DO 074-2024,2024
1004207000,2nd,DOF DO 074-2024,2024
1004208000,3rd,DOF DO 074-2024,2024
1004209000,3rd,DOF DO 074-2024,2024
1004210000,2nd,DOF DO 074-2024,2024
1004211000,4th,DOF DO 074-2024,2024
1004212000,1st,DOF DO 074-2024,2024
1004213000,4th,DOF DO 074-2024,2024
1004214000,4th,DOF DO 074-2024,2024
1004215000,3rd,DOF DO 074-2024,2024
1004216000,3rd,DOF DO 074-2024,2024
1004217000,3rd,DOF DO 074-2024,2024
1004300000,1st,DOF DO 074-2024,2024
1004301000,1st,DOF DO 074-2024,2024
1004302000,1st,DOF DO 074-2024,2024
1004303000,4th,DOF DO 074-2024,2024
1004304000,5th,DOF DO 074-2024,2024
1004306000,1st,DOF DO 074-2024,2024
1004307000,4th,DOF DO 074-2024,2024
1004308000,1st,DOF DO 074-2024,2024
1004309000,2nd,DOF DO 074-2024,2024
1004310000,1st,DOF DO 074-2024,2024
1004311000,1st,DOF DO 074-2024,2024
1004312000,4th,DOF DO 074-2024,2024
1004313000,4th,DOF DO 074-2024,2024
1004314000,2nd,DOF DO 074-2024,2024
1004315000,4th,DOF DO 074-2024,2024
1004316000,3rd*,DOF DO 074-2024,2024
1004317000,2nd,DOF DO 074-2024,2024
1004318000,2nd,DOF DO 074-2024,2024
1004319000,2nd,DOF DO 074-2024,2024
1004320000,3rd,DOF DO 074-2024,2024
1004321000,1st,DOF DO 074-2024,2024
1004322000,2nd,DOF DO 074-2024,2024
1004323000,5th,DOF DO 074-2024,2024
1004324000,1st,DOF DO 074-2024,2024
1004325000,3rd,DOF DO 074-2024,2024
1004326000,1st,DOF DO 074-2024,2024
1030500000,1st,DOF DO 074-2024,2024
1030900000,1st,DOF DO 074-2024,2024
1102300000,1st,DOF DO 074-2024,2024
1102301000,1st,DOF DO 074-2024,2024
1102303000,1st,DOF DO 074-2024,2024
1102305000,1st,DOF DO 074-2024,2024
1102314000,1st,DOF DO 074-2024,2024
1102315000,1st,DOF DO 074-2024,2024
1102317000,2nd,DOF DO 074-2024,2024
1102318000,1st,DOF DO 074-2024,2024
1102319000,1st,DOF DO 074-2024,2024
1102322000,1st,DOF DO 074-2024,2024
1102323000,3rd,DOF DO 074-2024,2024
1102324000,3rd,DOF DO 074-2024,2024
1102400000,1st,DOF DO 074-2024,2024
1102401000,1st,DOF DO 074-2024,2024
1102403000,1st,DOF DO 074-2024,2024
1102404000,1st,DOF DO 074-2024,2024
1102406000,1st,DOF DO 074-2024,2024
1102407000,1st,DOF DO 074-2024,2024
1102408000,1st,DOF DO 074-2024,2024
1102410000,1st,DOF DO 074-2024,2024
1102411000,2nd,DOF DO 074-2024,2024
1102412000,1st,DOF DO 074-2024,2024
1102414000,2nd,DOF DO 074-2024,2024
1102500000,1st,DOF DO 074-2024,2024
1102501000,1st,DOF DO 074-2024,2024
1102502000,1st,DOF DO 074-2024,2024
1102503000,2nd,DOF DO 074-2024,2024
1102504000,1st,DOF DO 074-2024,2024
1102505000,1st,DOF DO 074-2024,2024
1102506000,1st,DOF DO 074-2024,2024
1102507000,1st,DOF DO 074-2024,2024
1102508000,1st,DOF DO 074-2024,2024
1102509000,1st,DOF DO 074-2024,2024
1102510000,2nd,DOF DO 074-2024,2024
1102511000,2nd,DOF DO 074-2024,2024
1108200000,1st,DOF DO 074-2024,2024
1108201000,1st,DOF DO 074-2024,2024
1108202000,1st,DOF DO 074-2024,2024
1108203000,1st,DOF DO 074-2024,2024
1108204000,1st,DOF DO 074-2024,2024
1108205000,1st,DOF DO 074-2024,2024
1108206000,1st,DOF DO 074-2024,2024
1108207000,1st,DOF DO 074-2024,2024
1108208000,1st,DOF DO 074-2024,2024
1108209000,1st,DOF DO 074-2024,2024
1108210000,1st,DOF DO 074-2024,2024
1108211000,1st,DOF DO 074-2024,2024
1108600000,2nd,DOF DO 074-2024,2024
1108601000,1st,DOF DO 074-2024,2024
1108602000,1st,DOF DO 074-2024,2024
1108603000,1st,DOF DO 074-2024,2024
1108604000,1st,DOF DO 074-2024,2024
1108605000,4th,DOF DO 074-2024,2024
1130700000,1st,DOF DO 074-2024,2024
1204700000,1st,DOF DO 074-2024,2024
1204701000,1st,DOF DO 074-2024,2024
1204702000,1st,DOF DO 074-2024,2024
1204703000,1st,DOF DO 074-2024,2024
1204704000,1st,DOF DO 074-2024,2024
1204705000,1st,DOF DO 074-2024,2024
1204706000,1st,DOF DO 074-2024,2024
1204707000,1st,DOF DO 074-2024,2024
1204708000,1st,DOF DO 074-2024,2024
1204709000,1st,DOF DO 074-2024,2024
1204710000,1st,DOF DO 074-2024,2024
1204711000,1st,DOF DO 074-2024,2024
1204712000,1st,DOF DO 074-2024,2024
1204713000,1st,DOF DO 074-2024,2024
1204714000,1st,DOF DO 074-2024,2024
1204715000,1st,DOF DO 074-2024,2024
1204716000,1st,DOF DO 074-2024,2024
1204717000,1st,DOF DO 074-2024,2024
1204718000,1st,DOF DO 074-2024,2024
1206300000,1st,DOF DO 074-2024,2024
1206302000,1st,DOF DO 074-2024,2024
1206306000,1st,DOF DO 074-2024,2024
1206311000,2nd,DOF DO 074-2024,2024
1206312000,1st,DOF DO 074-2024,2024
1206313000,1st,DOF DO 074-2024,2024
1206314000,1st,DOF DO 074-2024,2024
1206315000,2nd,DOF DO 074-2024,2024
1206316000,1st,DOF DO 074-2024,2024
1206317000,1st,DOF DO 074-2024,2024
1206318000,2nd,DOF DO 074-2024,2024
1206319000,1st,DOF DO 074-2024,2024
1206500000,1st,DOF DO 074-2024,2024
1206501000,1st,DOF DO 074-2024,2024
1206502000,1st,DOF DO 074-2024,2024
1206503000,1st,DOF DO 074-2024,2024
1206504000,1st,DOF DO 074-2024,2024
1206505000,1st,DOF DO 074-2024,2024
1206506000,1st,DOF DO 074-2024,2024
1206507000,1st,DOF DO 074-2024,2024
1206508000,1st,DOF DO 074-2024,2024
1206509000,1st,DOF DO 074-2024,2024
1206510000,2nd,DOF DO 074-2024,2024
1206511000,3rd,DOF DO 074-2024,2024
1206512000,1st,DOF DO 074-2024,2024
1208000000,1st,DOF DO 074-2024,2024
1208001000,1st,DOF DO 074-2024,2024
1208002000,1st,DOF DO 074-2024,2024
1208003000,1st,DOF DO 074-2024,2024
1208004000,1st,DOF DO 074-2024,2024
1208005000,1st,DOF DO 074-2024,2024
1208006000,1st,DOF DO 074-2024,2024
1208007000,1st,DOF DO 074-2024,2024
1230800000,1st,DOF DO 074-2024,2024
1600200000,1st,DOF DO 074-2024,2024
1600201000,1st,DOF DO 074-2024,2024
1600203000,3rd,DOF DO 074-2024,2024
1600204000,3rd,DOF DO 074-2024,2024
1600205000,2nd,DOF DO 074-2024,2024
1600206000,3rd,DOF DO 074-2024,2024
1600207000,1st,DOF DO 074-2024,2024
1600208000,4th,DOF DO 074-2024,2024
1600209000,1st,DOF DO 074-2024,2024
1600210000,1st,DOF DO 074-2024,2024
1600211000,1st,DOF DO 074-2024,2024
1600212000,4th,DOF DO 074-2024,2024
1600300000,1st,DOF DO 074-2024,2024
1600301000,1st,DOF DO 074-2024,2024
1600302000,1st,DOF DO 074-2024,2024
1600303000,1st,DOF DO 074-2024,2024
1600304000,1st,DOF DO 074-2024,2024
1600305000,1st,DOF DO 074-2024,2024
1600306000,1st,DOF DO 074-2024,2024
1600307000,1st,DOF DO 074-2024,2024
1600308000,1st,DOF DO 074-2024,2024
1600309000,1st,DOF DO 074-2024,2024
1600310000,1st,DOF DO 074-2024,2024
1600311000,1st,DOF DO 074-2024,2024
1600312000,1st,DOF DO 074-2024,2024
1600313000,1st,DOF DO 074-2024,2024
1600314000,1st,DOF DO 074-2024,2024
1606700000,1st,DOF DO 074-2024,2024
1606701000,4th,DOF DO 074-2024,2024
1606702000,4th,DOF DO 074-2024,2024
1606704000,5th,DOF DO 074-2024,2024
1606706000,1st,DOF DO 074-2024,2024
1606707000,2nd,DOF DO 074-2024,2024
1606708000,3rd,DOF DO 074-2024,2024
1606710000,3rd,DOF DO 074-2024,2024
1606711000,3rd,DOF DO 074-2024,2024
1606714000,3rd,DOF DO 074-2024,2024
1606715000,4th,DOF DO 074-2024,2024
1606716000,4th,DOF DO 074-2024,2024
1606717000,3rd,DOF DO 074-2024,2024
1606718000,5th,DOF DO 074-2024,2024
1606719000,4th,DOF DO 074-2024,2024
1606720000,5th,DOF DO 074-2024,2024
1606721000,5th,DOF DO 074-2024,2024
1606722000,4th,DOF DO 074-2024,2024
1606723000,3rd,DOF DO 074-2024,2024
1606724000,2nd,DOF DO 074-2024,2024
1606725000,3rd,DOF DO 074-2024,2024
1606727000,4th,DOF DO 074-2024,2024
1606800000,1st,DOF DO 074-2024,2024
1606801000,1st,DOF DO 074-2024,2024
1606802000,4th,DOF DO 074-2024,2024
1606803000,2nd,DOF DO 074-2024,2024
1606804000,2nd,DOF DO 074-2024,2024
1606805000,1st,DOF DO 074-2024,2024
1606806000,4th,DOF DO 074-2024,2024
1606807000,1st,DOF DO 074-2024,2024
1606808000,4th,DOF DO 074-2024,2024
1606809000,1st,DOF DO 074-2024,2024
1606810000,3rd,DOF DO 074-2024,2024
1606811000,2nd,DOF DO 074-2024,2024
1606812000,1st,DOF DO 074-2024,2024
1606813000,3rd,DOF DO 074-2024,2024
1606814000,2nd,DOF DO 074-2024,2024
1606815000,2nd,DOF DO 074-2024,2024
1606816000,1st,DOF DO 074-2024,2024
1606817000,1st,DOF DO 074-2024,2024
1606818000,1st,DOF DO 074-2024,2024
1606819000,3rd,DOF DO 074-2024,2024
1608500000,2nd,DOF DO 074-2024,2024
1608501000,3rd,DOF DO 074-2024,2024
1608502000,1st,DOF DO 074-2024,2024
1608503000,4th,DOF DO 074-2024,2024
1608504000,3rd,DOF DO 074-2024,2024
1608505000,2nd,DOF DO 074-2024,2024
1608506000,4th,DOF DO 074-2024,2024
1608507000,4th,DOF DO 074-2024,2024
1630400000,1st,DOF DO 074-2024,2024
1900700000,1st,DOF DO 074-2024,2024
1900702000,3rd,DOF DO 074-2024,2024
1900703000,2nd,DOF DO 074-2024,2024
1900704000,2nd,DOF DO 074-2024,2024
1900705000,1st,DOF DO 074-2024,2024
1900706000,4th*,DOF DO 074-2024,2024
1900707000,2nd,DOF DO 074-2024,2024
1900708000,4th,DOF DO 074-2024,2024
1900709000,4th,DOF DO 074-2024,2024
1900710000,4th,DOF DO 074-2024,2024
1900711000,4th,DOF DO 074-2024,2024
1900712000,5th,DOF DO 074-2024,2024
1900713000,4th,DOF DO 074-2024,2024
1903600000,1st,DOF DO 074-2024,2024
1903601000,1st,DOF DO 074-2024,2024
1903602000,2nd,DOF DO 074-2024,2024
1903603000,2nd,DOF DO 074-2024,2024
1903604000,3rd,DOF DO 074-2024,2024
1903605000,3rd,DOF DO 074-2024,2024
1903606000,1st,DOF DO 074-2024,2024
1903607000,2nd,DOF DO 074-2024,2024
1903609000,2nd,DOF DO 074-2024,2024
1903610000,2nd,DOF DO 074-2024,2024
1903611000,1st,DOF DO 074-2024,2024
1903612000,4th,DOF DO 074-2024,2024
1903613000,1st,DOF DO 074-2024,2024
1903614000,3rd,DOF DO 074-2024,2024
1903615000,1st,DOF DO 074-2024,2024
1903616000,1st,DOF DO 074-2024,2024
1903617000,3rd,DOF DO 074-2024,2024
1903618000,3rd,DOF DO 074-2024,2024
1903619000,2nd,DOF DO 074-2024,2024
1903620000,3rd,DOF DO 074-2024,2024
1903621000,2nd,DOF DO 074-2024,2024
1903622000,2nd,DOF DO 074-2024,2024
1903623000,3rd,DOF DO 074-2024,2024
1903624000,2nd,DOF DO 074-2024,2024
1903625000,3rd,DOF DO 074-2024,2024
1903626000,3rd,DOF DO 074-2024,2024
1903627000,2nd,DOF DO 074-2024,2024
1903628000,2nd,DOF DO 074-2024,2024
1903629000,3rd,DOF DO 074-2024,2024
1903630000,1st,DOF DO 074-2024,2024
1903631000,2nd,DOF DO 074-2024,2024
1903632000,4th,DOF DO 074-2024,2024
1903633000,3rd,DOF DO 074-2024,2024
1903634000,1st,DOF DO 074-2024,2024
1903635000,3rd,DOF DO 074-2024,2024
1903636000,3rd,DOF DO 074-2024,2024
1903637000,1st,DOF DO 074-2024,2024
1903638000,3rd,DOF DO 074-2024,2024
1903639000,2nd,DOF DO 074-2024,2024
1903640000,5th,DOF DO 074-2024,2024
1903641000,5th,DOF DO 074-2024,2024
1907000000,1st,DOF DO 074-2024,2024
1907001000,1st,DOF DO 074-2024,2024
1907002000,1st,DOF DO 074-2024,2024
1907003000,3rd,DOF DO 074-2024,2024
1907004000,2nd,DOF DO 074-2024,2024
1907005000,1st,DOF DO 074-2024,2024
1907006000,2nd,DOF DO 074-2024,2024
1907007000,1st,DOF DO 074-2024,2024
1907008000,5th,DOF DO 074-2024,2024
1907009000,1st,DOF DO 074-2024,2024
1907010000,2nd,DOF DO 074-2024,2024
1907011000,3rd,DOF DO 074-2024,2024
1908700000,4th,DOF DO 074-2024,2024
1908701000,2nd,DOF DO 074-2024,2024
1908702000,1st,DOF DO 074-2024,2024
1908703000,1st,DOF DO 074-2024,2024
1908704000,3rd,DOF DO 074-2024,2024
1908705000,1st,DOF DO 074-2024,2024
1908706000,4th,DOF DO 074-2024,2024
1908707000,3rd,DOF DO 074-2024,2024
1908708000,4th,DOF DO 074-2024,2024
1908709000,1st,DOF DO 074-2024,2024
1908710000,1st,DOF DO 074-2024,2024
1908711000,3rd,DOF DO 074-2024,2024
1908712000,4th,DOF DO 074-2024,2024
1908713000,1st,DOF DO 074-2024,2024
1908800000,1st,DOF DO 074-2024,2024
1908801000,2nd,DOF DO 074-2024,2024
1908802000,1st,DOF DO 074-2024,2024
1908803000,2nd,DOF DO 074-2024,2024
1908804000,4th,DOF DO 074-2024,2024
1908805000,4th,DOF DO 074-2024,2024
1908806000,3rd,DOF DO 074-2024,2024
1908807000,2nd,DOF DO 074-2024,2024
1908808000,4th,DOF DO 074-2024,2024
1908809000,4th,DOF DO 074-2024,2024
1908810000,4th,DOF DO 074-2024,2024
1908811000,2nd,DOF DO 074-2024,2024
1908812000,4th,DOF DO 074-2024,2024
1908813000,4th,DOF DO 074-2024,2024
1908814000,3rd,DOF DO 074-2024,2024
1908815000,2nd,DOF DO 074-2024,2024
1908816000,1st,DOF DO 074-2024,2024
1908817000,4th,DOF DO 074-2024,2024
1908818000,4th,DOF DO 074-2024,2024
1908819000,4th,DOF DO 074-2024,2024
1908820000,2nd,DOF DO 074-2024,2024
1908821000,4th,DOF DO 074-2024,2024
1908822000,2nd,DOF DO 074-2024,2024
1908823000,3rd*,DOF DO 074-2024,2024
1908824000,3rd,DOF DO 074-2024,2024
1999901000,-,DOF DO 074-2024,2024
1999902000,-,DOF DO 074-2024,2024
1999903000,-,DOF DO 074-2024,2024
1999904000,-,DOF DO 074-2024,2024
1999905000,-,DOF DO 074-2024,2024
1999906000,-,DOF DO 074-2024,2024
1999907000,-,DOF DO 074-2024,2024
1999908000,-,DOF DO 074-2024,2024
